{
  "properties": {
    "connectionReferences": {
      "shared_commondataserviceforapps": {
        "runtimeSource": "embedded",
        "connection": {
          "connectionReferenceLogicalName": "ds_sharedcommondataserviceforapps_6ad5b"
        },
        "api": {
          "name": "shared_commondataserviceforapps"
        }
      }
    },
    "definition": {
      "$schema": "https://schema.management.azure.com/providers/Microsoft.Logic/schemas/2016-06-01/workflowdefinition.json#",
      "contentVersion": "1.0.0.0",
      "parameters": {
        "$connections": {
          "defaultValue": {},
          "type": "Object"
        },
        "$authentication": {
          "defaultValue": {},
          "type": "SecureObject"
        }
      },
      "triggers": {
        "manual": {
          "metadata": {
            "operationMetadataId": "b49572ce-70f1-4299-ba8a-ca8901d55f0c"
          },
          "type": "Request",
          "kind": "Http",
          "inputs": {
            "schema": {
              "ds_type": 717590000,
              "ds_description": "Example non-conformity description",
              "ds_status": 717590000,
              "ds_assignedManagerEmail": "manager@example.com",
              "ds_name": "Name"
            },
            "triggerAuthenticationType": "Tenant"
          }
        }
      },
      "actions": {
        "Initialize_ds_type": {
          "runAfter": {},
          "metadata": {
            "operationMetadataId": "bedcff7b-bec1-42de-9d5b-f744c7a16319"
          },
          "type": "InitializeVariable",
          "inputs": {
            "variables": [
              {
                "name": "ds_type",
                "type": "integer",
                "value": "@triggerBody()?['ds_type']"
              }
            ]
          }
        },
        "Initialize_ds_description": {
          "runAfter": {
            "Initialize_ds_type": [
              "Succeeded"
            ]
          },
          "metadata": {
            "operationMetadataId": "8613a687-bdce-47ba-ad76-f3a7a3f61a02"
          },
          "type": "InitializeVariable",
          "inputs": {
            "variables": [
              {
                "name": "ds_description",
                "type": "string",
                "value": "@{triggerBody()?['ds_description']}"
              }
            ]
          }
        },
        "Initialize_ds_status": {
          "runAfter": {
            "Initialize_ds_description": [
              "Succeeded"
            ]
          },
          "metadata": {
            "operationMetadataId": "212ee5d1-2e3e-471a-85f6-5013829b8f2e"
          },
          "type": "InitializeVariable",
          "inputs": {
            "variables": [
              {
                "name": "ds_status",
                "type": "integer",
                "value": "@triggerBody()?['ds_status']"
              }
            ]
          }
        },
        "Initialize_ds_assignedManagerEmail": {
          "runAfter": {
            "Initialize_ds_status": [
              "Succeeded"
            ]
          },
          "metadata": {
            "operationMetadataId": "5474c64a-69d8-4ab4-947c-e24a4b926dac"
          },
          "type": "InitializeVariable",
          "inputs": {
            "variables": [
              {
                "name": "ds_assignedManagerEmail",
                "type": "string",
                "value": "@{triggerBody()?['ds_assignedManagerEmail']}"
              }
            ]
          }
        },
        "Get_AssignedUser": {
          "runAfter": {
            "Initialize_ds_name": [
              "Succeeded"
            ]
          },
          "metadata": {
            "operationMetadataId": "0627e85b-7d2c-4759-afb5-9c055e4175b2"
          },
          "type": "OpenApiConnection",
          "inputs": {
            "host": {
              "connectionName": "shared_commondataserviceforapps",
              "operationId": "ListRecords",
              "apiId": "/providers/Microsoft.PowerApps/apis/shared_commondataserviceforapps"
            },
            "parameters": {
              "entityName": "systemusers",
              "$filter": "internalemailaddress eq '@{variables('ds_assignedManagerEmail')}",
              "$top": 1
            },
            "authentication": "@parameters('$authentication')"
          }
        },
        "Condition": {
          "actions": {
            "Add_a_new_row": {
              "runAfter": {},
              "metadata": {
                "operationMetadataId": "68b060f5-b08d-4fef-96bd-9dd670fae4ec"
              },
              "type": "OpenApiConnection",
              "inputs": {
                "host": {
                  "connectionName": "shared_commondataserviceforapps",
                  "operationId": "CreateRecord",
                  "apiId": "/providers/Microsoft.PowerApps/apis/shared_commondataserviceforapps"
                },
                "parameters": {
                  "entityName": "ds_nonconformities",
                  "item/ds_assignedmanagerid@odata.bind": "/systemusers(@{first(body('Get_AssignedUser')?['value'])?['systemuserid']})",
                  "item/ds_name": "@variables('ds_name')",
                  "item/ds_status": "@variables('ds_status')",
                  "item/ds_type": "@variables('ds_type')"
                },
                "authentication": "@parameters('$authentication')"
              }
            },
            "Response": {
              "runAfter": {
                "Add_a_new_row": [
                  "Succeeded"
                ]
              },
              "metadata": {
                "operationMetadataId": "7c40a9e1-7960-480e-a115-6d6b24cbd05b"
              },
              "type": "Response",
              "kind": "Http",
              "inputs": {
                "statusCode": 200,
                "body": {
                  "message": "Non-Conformity record created successfully",
                  "id": "@{body('Add_a_new_row')?['ds_nonconformityid']}"
                }
              }
            }
          },
          "runAfter": {
            "Get_AssignedUser": [
              "Succeeded"
            ]
          },
          "expression": {
            "greater": [
              "@length(outputs('Get_AssignedUser')?['body/value'])",
              0
            ]
          },
          "metadata": {
            "operationMetadataId": "cd9e4ef0-f154-4a8e-a4c5-f3e1ae4128d6"
          },
          "type": "If"
        },
        "Initialize_ds_name": {
          "runAfter": {
            "Initialize_ds_assignedManagerEmail": [
              "Succeeded"
            ]
          },
          "metadata": {
            "operationMetadataId": "b4f53152-924c-4131-9369-ec3db7ca8aa2"
          },
          "type": "InitializeVariable",
          "inputs": {
            "variables": [
              {
                "name": "ds_name",
                "type": "string",
                "value": "@{triggerBody()?['ds_name']}"
              }
            ]
          }
        }
      }
    },
    "templateName": ""
  },
  "schemaVersion": "1.0.0.0"
}