{
  "properties": {
    "connectionReferences": {
      "shared_commondataserviceforapps": {
        "runtimeSource": "embedded",
        "connection": {
          "connectionReferenceLogicalName": "ds_sharedcommondataserviceforapps_6ad5b"
        },
        "api": {
          "name": "shared_commondataserviceforapps"
        }
      },
      "shared_onedriveforbusiness": {
        "runtimeSource": "embedded",
        "connection": {
          "connectionReferenceLogicalName": "ds_sharedonedriveforbusiness_d3261"
        },
        "api": {
          "name": "shared_onedriveforbusiness"
        }
      }
    },
    "definition": {
      "$schema": "https://schema.management.azure.com/providers/Microsoft.Logic/schemas/2016-06-01/workflowdefinition.json#",
      "contentVersion": "1.0.0.0",
      "parameters": {
        "$connections": {
          "defaultValue": {},
          "type": "Object"
        },
        "$authentication": {
          "defaultValue": {},
          "type": "SecureObject"
        }
      },
      "triggers": {
        "Recurrence": {
          "recurrence": {
            "frequency": "Week",
            "interval": 1,
            "startTime": "2024-07-19T08:00:00Z",
            "schedule": {
              "weekDays": [
                "Friday"
              ]
            }
          },
          "metadata": {
            "operationMetadataId": "38613a7e-b4b3-420b-bb15-4f528aeb89c2"
          },
          "type": "Recurrence"
        }
      },
      "actions": {
        "List_rows": {
          "runAfter": {},
          "metadata": {
            "operationMetadataId": "4690963d-629e-4e29-9438-039930e8f76f"
          },
          "type": "OpenApiConnection",
          "inputs": {
            "host": {
              "connectionName": "shared_commondataserviceforapps",
              "operationId": "ListRecords",
              "apiId": "/providers/Microsoft.PowerApps/apis/shared_commondataserviceforapps"
            },
            "parameters": {
              "entityName": "ds_nonconformities",
              "$filter": "createdon gt @{formatDateTime(addDays(utcNow(), -7), 'yyyy-MM-ddTHH:mm:ssZ')}"
            },
            "authentication": "@parameters('$authentication')"
          }
        },
        "Initialize_SafetySummary": {
          "runAfter": {
            "List_rows": [
              "Succeeded"
            ]
          },
          "metadata": {
            "operationMetadataId": "e247bea0-a6a7-49bc-827b-73dc66f11a8f"
          },
          "type": "InitializeVariable",
          "inputs": {
            "variables": [
              {
                "name": "SafetySummary",
                "type": "string"
              }
            ]
          }
        },
        "Initialize_QualitySummary": {
          "runAfter": {
            "Initialize_SafetySummary": [
              "Succeeded"
            ]
          },
          "metadata": {
            "operationMetadataId": "15898058-93ba-48d8-a539-edbfed7a6125"
          },
          "type": "InitializeVariable",
          "inputs": {
            "variables": [
              {
                "name": "QualitySummary",
                "type": "string"
              }
            ]
          }
        },
        "Initialize_EnvironmentalSummary": {
          "runAfter": {
            "Initialize_QualitySummary": [
              "Succeeded"
            ]
          },
          "metadata": {
            "operationMetadataId": "c3aa0096-bf04-412d-800b-7d293fd9c95b"
          },
          "type": "InitializeVariable",
          "inputs": {
            "variables": [
              {
                "name": "EnvironmentalSummary",
                "type": "string"
              }
            ]
          }
        },
        "Initialize_OperationalSummary": {
          "runAfter": {
            "Initialize_EnvironmentalSummary": [
              "Succeeded"
            ]
          },
          "metadata": {
            "operationMetadataId": "39e304de-23b4-4199-b1d8-c757dab253af"
          },
          "type": "InitializeVariable",
          "inputs": {
            "variables": [
              {
                "name": "OperationalSummary",
                "type": "string"
              }
            ]
          }
        },
        "Initialize_OtherSummary": {
          "runAfter": {
            "Initialize_OperationalSummary": [
              "Succeeded"
            ]
          },
          "metadata": {
            "operationMetadataId": "6908dd54-ad51-4e72-9e5b-3f9e9c0074af"
          },
          "type": "InitializeVariable",
          "inputs": {
            "variables": [
              {
                "name": "OtherSummary",
                "type": "string"
              }
            ]
          }
        },
        "Initialize_SafetyCount": {
          "runAfter": {
            "Initialize_OtherSummary": [
              "Succeeded"
            ]
          },
          "metadata": {
            "operationMetadataId": "29d4ddbb-e5e5-4aab-9ad4-18b77f799445"
          },
          "type": "InitializeVariable",
          "inputs": {
            "variables": [
              {
                "name": "SafetyCount",
                "type": "integer",
                "value": 0
              }
            ]
          }
        },
        "Initialize_QualityCount": {
          "runAfter": {
            "Initialize_SafetyCount": [
              "Succeeded"
            ]
          },
          "metadata": {
            "operationMetadataId": "fa032686-3971-4e30-8c9e-d99379658c67"
          },
          "type": "InitializeVariable",
          "inputs": {
            "variables": [
              {
                "name": "QualityCount",
                "type": "integer",
                "value": 0
              }
            ]
          }
        },
        "Initialize_EnvironmentalCount": {
          "runAfter": {
            "Initialize_QualityCount": [
              "Succeeded"
            ]
          },
          "metadata": {
            "operationMetadataId": "3a9c4af1-9f05-4138-a1d9-252500bdb335"
          },
          "type": "InitializeVariable",
          "inputs": {
            "variables": [
              {
                "name": "EnvironmentalCount",
                "type": "integer",
                "value": 0
              }
            ]
          }
        },
        "Initialize_OperationalCount": {
          "runAfter": {
            "Initialize_EnvironmentalCount": [
              "Succeeded"
            ]
          },
          "metadata": {
            "operationMetadataId": "5978a6df-56da-40e1-88b9-eb17fdea904b"
          },
          "type": "InitializeVariable",
          "inputs": {
            "variables": [
              {
                "name": "OperationalCount",
                "type": "integer",
                "value": 0
              }
            ]
          }
        },
        "Initialize_OtherCount": {
          "runAfter": {
            "Initialize_OperationalCount": [
              "Succeeded"
            ]
          },
          "metadata": {
            "operationMetadataId": "8f368b19-273b-450e-b10e-9ef7ae79f393"
          },
          "type": "InitializeVariable",
          "inputs": {
            "variables": [
              {
                "name": "OtherCount",
                "type": "integer",
                "value": 0
              }
            ]
          }
        },
        "Apply_to_each": {
          "foreach": "@outputs('List_rows')?['body/value']",
          "actions": {
            "Switch": {
              "runAfter": {},
              "cases": {
                "Safety_": {
                  "case": 717590000,
                  "actions": {
                    "Append_to_string_variable_SafetySummary": {
                      "runAfter": {},
                      "metadata": {
                        "operationMetadataId": "cc0e9732-0742-48b8-b1d7-d865d767b9b5"
                      },
                      "type": "AppendToStringVariable",
                      "inputs": {
                        "name": "SafetySummary",
                        "value": "<div style=\"border: 1px solid #ddd; padding: 10px; margin-bottom: 10px;\">\n  <h3>Non-Conformity Number: @{items('Apply_to_each')?['ds_nonconformitynumber']}</h3>\n  <p><strong>Non-Conformity Number:</strong> @{items('Apply_to_each')?['ds_nonconformitynumber']}</p>\n  <p><strong>Hazard Type:</strong> @{items('Apply_to_each')?['ds_hazardtype']}</p>\n  <p><strong>Immediate Action Taken:</strong> @{items('Apply_to_each')?['ds_immediateactiontaken']}</p>\n  <p><strong>Safety Training Required:</strong> @{items('Apply_to_each')?['ds_safetytrainingrequired']}</p>\n  <p><strong>Safety Inspection Date:</strong> @{items('Apply_to_each')?['ds_safetyinspectiondate']}</p>\n</div>"
                      }
                    },
                    "Increment_variable": {
                      "runAfter": {
                        "Append_to_string_variable_SafetySummary": [
                          "Succeeded"
                        ]
                      },
                      "metadata": {
                        "operationMetadataId": "bb5857f8-1b92-485e-a13b-b898810ff0d1"
                      },
                      "type": "IncrementVariable",
                      "inputs": {
                        "name": "SafetyCount",
                        "value": 1
                      }
                    }
                  }
                },
                "Quality": {
                  "case": 717590001,
                  "actions": {
                    "Append_to_string_variable_QualitySummary": {
                      "runAfter": {},
                      "metadata": {
                        "operationMetadataId": "f863b8d0-36f4-4f4d-9625-d4cc913bd96d"
                      },
                      "type": "AppendToStringVariable",
                      "inputs": {
                        "name": "QualitySummary",
                        "value": "<div style=\"border: 1px solid #ddd; padding: 10px; margin-bottom: 10px;\">\n  <h3>Non-Conformity Number: @{items('Apply_to_each')?['ds_nonconformitynumber']}</h3>\n  <p><strong>Non-Conformity Number:</strong> @{items('Apply_to_each')?['ds_nonconformitynumber']}</p>\n  <p><strong>Defect Type:</strong> @{items('Apply_to_each')?['ds_defecttype']}</p>\n  <p><strong>Affected Product:</strong> @{items('Apply_to_each')?['ds_affectedproduct']}</p>\n  <p><strong>Quality Control Measures:</strong> @{items('Apply_to_each')?['ds_qualitycontrolmeasures']}</p>\n</div>\n"
                      }
                    },
                    "Increment_variable_2": {
                      "runAfter": {
                        "Append_to_string_variable_QualitySummary": [
                          "Succeeded"
                        ]
                      },
                      "metadata": {
                        "operationMetadataId": "a214bbf7-7852-4f3f-94bf-606ca4a9c4dc"
                      },
                      "type": "IncrementVariable",
                      "inputs": {
                        "name": "QualityCount",
                        "value": 1
                      }
                    }
                  }
                },
                "Environmental": {
                  "case": 717590002,
                  "actions": {
                    "Append_to_string_variable_EnvironmentalSummary": {
                      "runAfter": {},
                      "metadata": {
                        "operationMetadataId": "2a100d55-643e-433d-a61b-b1bf8af1eb3f"
                      },
                      "type": "AppendToStringVariable",
                      "inputs": {
                        "name": "EnvironmentalSummary",
                        "value": "<div style=\"border: 1px solid #ddd; padding: 10px; margin-bottom: 10px;\">\n  <h3>Non-Conformity Number: @{items('Apply_to_each')?['ds_nonconformitynumber']}</h3>\n  <p><strong>Non-Conformity Number:</strong> @{items('Apply_to_each')?['ds_nonconformitynumber']}</p>\n  <p><strong>Environmental Impact:</strong> @{items('Apply_to_each')?['ds_environmentalimpact']}</p>\n  <p><strong>Incident Location:</strong> @{items('Apply_to_each')?['ds_incidentlocation']}</p>\n  <p><strong>Regulatory Compliance Issue:</strong> @{items('Apply_to_each')?['ds_regulatorycomplianceissue']}</p>\n  <p><strong>Environmental Mitigation Plan:</strong> @{items('Apply_to_each')?['ds_environmentalmitigationplan']}</p>\n</div>\n"
                      }
                    },
                    "Increment_variable_3": {
                      "runAfter": {
                        "Append_to_string_variable_EnvironmentalSummary": [
                          "Succeeded"
                        ]
                      },
                      "metadata": {
                        "operationMetadataId": "929d778d-c2e1-47f8-a26b-84ef92f68196"
                      },
                      "type": "IncrementVariable",
                      "inputs": {
                        "name": "EnvironmentalCount",
                        "value": 1
                      }
                    }
                  }
                },
                "Operational": {
                  "case": 717590003,
                  "actions": {
                    "Append_to_string_variable_OperationalSummary": {
                      "runAfter": {},
                      "metadata": {
                        "operationMetadataId": "3fb761e6-dad0-4019-80fb-8a6286e2580d"
                      },
                      "type": "AppendToStringVariable",
                      "inputs": {
                        "name": "OperationalSummary",
                        "value": "<div style=\"border: 1px solid #ddd; padding: 10px; margin-bottom: 10px;\">\n  <h3>Non-Conformity Number: @{items('Apply_to_each')?['ds_nonconformitynumber']}</h3>\n  <p><strong>Non-Conformity Number:</strong> @{items('Apply_to_each')?['ds_nonconformitynumber']}</p>\n  <p><strong>Operational Disruption:</strong> @{items('Apply_to_each')?['ds_operationaldisruption']}</p>\n  <p><strong>Estimated Downtime:</strong> @{items('Apply_to_each')?['ds_estimateddowntime']}</p>\n  <p><strong>Operational Cost Impact:</strong> @{items('Apply_to_each')?['ds_operationalcostimpact']}</p>\n</div>\n"
                      }
                    },
                    "Increment_variable_4": {
                      "runAfter": {
                        "Append_to_string_variable_OperationalSummary": [
                          "Succeeded"
                        ]
                      },
                      "metadata": {
                        "operationMetadataId": "2233a6e7-e9f7-40a4-ac89-26e04a48242a"
                      },
                      "type": "IncrementVariable",
                      "inputs": {
                        "name": "OperationalCount",
                        "value": 1
                      }
                    }
                  }
                },
                "Other": {
                  "case": 717590004,
                  "actions": {
                    "Append_to_string_variable": {
                      "runAfter": {},
                      "metadata": {
                        "operationMetadataId": "33cd8c9c-6e46-4c67-9add-73d343ae4f14"
                      },
                      "type": "AppendToStringVariable",
                      "inputs": {
                        "name": "OtherSummary",
                        "value": "<div style=\"border: 1px solid #ddd; padding: 10px; margin-bottom: 10px;\">\n  <h3>Non-Conformity Number: @{items('Apply_to_each')?['ds_nonconformitynumber']}</h3>\n  <p><strong>Non-Conformity Number:</strong> @{items('Apply_to_each')?['ds_nonconformitynumber']}</p>\n  <p><strong>Issue Description:</strong> @{items('Apply_to_each')?['ds_issuedescription']}</p>\n  <p><strong>Proposed Solution:</strong> @{items('Apply_to_each')?['ds_proposedsolution']}</p>\n  <p><strong>Stakeholders Involved:</strong> @{items('Apply_to_each')?['ds_stakeholdersinvolved']}</p>\n  <p><strong>Deadline for Resolution:</strong> @{items('Apply_to_each')?['ds_deadlineforresolution']}</p>\n</div>\n"
                      }
                    },
                    "Increment_variable_5": {
                      "runAfter": {
                        "Append_to_string_variable": [
                          "Succeeded"
                        ]
                      },
                      "metadata": {
                        "operationMetadataId": "03b1979a-fc52-4c70-abed-3aa2c9fc14de"
                      },
                      "type": "IncrementVariable",
                      "inputs": {
                        "name": "OtherCount",
                        "value": 1
                      }
                    }
                  }
                }
              },
              "default": {
                "actions": {}
              },
              "expression": "@items('Apply_to_each')?['ds_type']",
              "metadata": {
                "operationMetadataId": "da4b9afd-6d4f-407c-a502-1e6b2ac03b49"
              },
              "type": "Switch"
            }
          },
          "runAfter": {
            "Set_variable": [
              "Succeeded"
            ]
          },
          "metadata": {
            "operationMetadataId": "033600d2-4e97-4675-8ffe-4f84eeca46e7"
          },
          "type": "Foreach"
        },
        "Compose": {
          "runAfter": {
            "Apply_to_each": [
              "Succeeded"
            ]
          },
          "metadata": {
            "operationMetadataId": "24333f16-fad1-4b50-b27e-735c76674196"
          },
          "type": "Compose",
          "inputs": "<html>\n<head>\n  <style>\n    body { font-family: Arial, sans-serif; }\n    .report-section { margin-bottom: 30px; }\n    .report-header { background-color: #f0f0f0; padding: 10px; border: 1px solid #ddd; }\n    .report-content { padding: 10px; }\n    .record { border: 1px solid #ddd; padding: 10px; margin-bottom: 10px; }\n  </style>\n</head>\n<body>\n  <h1>Weekly Non-Conformity Report Summary</h1>\n\n  <div class=\"report-section\">\n    <div class=\"report-header\">\n      <h2>Total Reports: @{variables('TotalReports')}</h2>\n    </div>\n  </div>\n\n  <div class=\"report-section\">\n    <div class=\"report-header\">\n      <h2>Safety Reports (Total: @{variables('SafetyCount')})</h2>\n    </div>\n    <div class=\"report-content\">\n      @{variables('SafetySummary')}\n    </div>\n  </div>\n\n  <div class=\"report-section\">\n    <div class=\"report-header\">\n      <h2>Quality Reports (Total: @{variables('QualityCount')})</h2>\n    </div>\n    <div class=\"report-content\">\n      @{variables('QualitySummary')}\n    </div>\n  </div>\n\n  <div class=\"report-section\">\n    <div class=\"report-header\">\n      <h2>Environmental Reports (Total: @{variables('EnvironmentalCount')})</h2>\n    </div>\n    <div class=\"report-content\">\n      @{variables('EnvironmentalSummary')}\n    </div>\n  </div>\n\n  <div class=\"report-section\">\n    <div class=\"report-header\">\n      <h2>Operational Reports (Total: @{variables('OperationalCount')})</h2>\n    </div>\n    <div class=\"report-content\">\n      @{variables('OperationalSummary')}\n    </div>\n  </div>\n\n  <div class=\"report-section\">\n    <div class=\"report-header\">\n      <h2>Other Reports (Total: @{variables('OtherCount')})</h2>\n    </div>\n    <div class=\"report-content\">\n      @{variables('OtherSummary')}\n    </div>\n  </div>\n</body>\n</html>\n"
        },
        "Create_file": {
          "runAfter": {
            "Compose": [
              "Succeeded"
            ]
          },
          "metadata": {
            "operationMetadataId": "3ae3ae4d-6259-437d-b2fa-5297ec048aec"
          },
          "type": "OpenApiConnection",
          "inputs": {
            "host": {
              "connectionName": "shared_onedriveforbusiness",
              "operationId": "CreateFile",
              "apiId": "/providers/Microsoft.PowerApps/apis/shared_onedriveforbusiness"
            },
            "parameters": {
              "folderPath": "/WeeklyNonConformityReports",
              "name": "WeeklyNonConformityReport_@{formatDateTime(utcNow(), 'yyyyMMdd')}.html",
              "body": "@outputs('Compose')"
            },
            "authentication": "@parameters('$authentication')"
          },
          "runtimeConfiguration": {
            "contentTransfer": {
              "transferMode": "Chunked"
            }
          }
        },
        "Convert_file": {
          "runAfter": {
            "Create_file": [
              "Succeeded"
            ]
          },
          "metadata": {
            "operationMetadataId": "ef0f1962-c8b1-4891-a39d-ae3bafd484e4"
          },
          "type": "OpenApiConnection",
          "inputs": {
            "host": {
              "connectionName": "shared_onedriveforbusiness",
              "operationId": "ConvertFile",
              "apiId": "/providers/Microsoft.PowerApps/apis/shared_onedriveforbusiness"
            },
            "parameters": {
              "id": "@outputs('Create_file')?['body/Id']",
              "type": "PDF"
            },
            "authentication": "@parameters('$authentication')"
          }
        },
        "Initialize_TotalReports": {
          "runAfter": {
            "Initialize_OtherCount": [
              "Succeeded"
            ]
          },
          "metadata": {
            "operationMetadataId": "80a87cb7-a58f-4cd8-81dc-4109a497eeb3"
          },
          "type": "InitializeVariable",
          "inputs": {
            "variables": [
              {
                "name": "TotalReports",
                "type": "integer",
                "value": 0
              }
            ]
          }
        },
        "Set_variable": {
          "runAfter": {
            "Initialize_TotalReports": [
              "Succeeded"
            ]
          },
          "metadata": {
            "operationMetadataId": "59a488ac-e443-4ae0-bbce-d7944229d247"
          },
          "type": "SetVariable",
          "inputs": {
            "name": "TotalReports",
            "value": "@length(outputs('List_rows')?['body/value'])"
          }
        }
      }
    },
    "templateName": ""
  },
  "schemaVersion": "1.0.0.0"
}