<ImportExportXml version="9.2.24062.176" SolutionPackageVersion="9.2" languagecode="1033" generatedBy="CrmLive" xmlns:xsi="http://www.w3.org/2001/XMLSchema-instance">
  <SolutionManifest>
    <UniqueName>ConstructSafe_NonConformityManagement</UniqueName>
    <LocalizedNames>
      <LocalizedName description="ConstructSafe Non-Conformity Management" languagecode="1033" />
    </LocalizedNames>
    <Descriptions />
    <Version>1.0.0.2</Version>
    <Managed>1</Managed>
    <Publisher>
      <UniqueName>devsolutions</UniqueName>
      <LocalizedNames>
        <LocalizedName description="Dev Solutions" languagecode="1033" />
      </LocalizedNames>
      <Descriptions />
      <EMailAddress xsi:nil="true"></EMailAddress>
      <SupportingWebsiteUrl xsi:nil="true"></SupportingWebsiteUrl>
      <CustomizationPrefix>ds</CustomizationPrefix>
      <CustomizationOptionValuePrefix>71759</CustomizationOptionValuePrefix>
      <Addresses>
        <Address>
          <AddressNumber>1</AddressNumber>
          <AddressTypeCode>1</AddressTypeCode>
          <City xsi:nil="true"></City>
          <County xsi:nil="true"></County>
          <Country xsi:nil="true"></Country>
          <Fax xsi:nil="true"></Fax>
          <FreightTermsCode xsi:nil="true"></FreightTermsCode>
          <ImportSequenceNumber xsi:nil="true"></ImportSequenceNumber>
          <Latitude xsi:nil="true"></Latitude>
          <Line1 xsi:nil="true"></Line1>
          <Line2 xsi:nil="true"></Line2>
          <Line3 xsi:nil="true"></Line3>
          <Longitude xsi:nil="true"></Longitude>
          <Name xsi:nil="true"></Name>
          <PostalCode xsi:nil="true"></PostalCode>
          <PostOfficeBox xsi:nil="true"></PostOfficeBox>
          <PrimaryContactName xsi:nil="true"></PrimaryContactName>
          <ShippingMethodCode>1</ShippingMethodCode>
          <StateOrProvince xsi:nil="true"></StateOrProvince>
          <Telephone1 xsi:nil="true"></Telephone1>
          <Telephone2 xsi:nil="true"></Telephone2>
          <Telephone3 xsi:nil="true"></Telephone3>
          <TimeZoneRuleVersionNumber xsi:nil="true"></TimeZoneRuleVersionNumber>
          <UPSZone xsi:nil="true"></UPSZone>
          <UTCOffset xsi:nil="true"></UTCOffset>
          <UTCConversionTimeZoneCode xsi:nil="true"></UTCConversionTimeZoneCode>
        </Address>
        <Address>
          <AddressNumber>2</AddressNumber>
          <AddressTypeCode>1</AddressTypeCode>
          <City xsi:nil="true"></City>
          <County xsi:nil="true"></County>
          <Country xsi:nil="true"></Country>
          <Fax xsi:nil="true"></Fax>
          <FreightTermsCode xsi:nil="true"></FreightTermsCode>
          <ImportSequenceNumber xsi:nil="true"></ImportSequenceNumber>
          <Latitude xsi:nil="true"></Latitude>
          <Line1 xsi:nil="true"></Line1>
          <Line2 xsi:nil="true"></Line2>
          <Line3 xsi:nil="true"></Line3>
          <Longitude xsi:nil="true"></Longitude>
          <Name xsi:nil="true"></Name>
          <PostalCode xsi:nil="true"></PostalCode>
          <PostOfficeBox xsi:nil="true"></PostOfficeBox>
          <PrimaryContactName xsi:nil="true"></PrimaryContactName>
          <ShippingMethodCode>1</ShippingMethodCode>
          <StateOrProvince xsi:nil="true"></StateOrProvince>
          <Telephone1 xsi:nil="true"></Telephone1>
          <Telephone2 xsi:nil="true"></Telephone2>
          <Telephone3 xsi:nil="true"></Telephone3>
          <TimeZoneRuleVersionNumber xsi:nil="true"></TimeZoneRuleVersionNumber>
          <UPSZone xsi:nil="true"></UPSZone>
          <UTCOffset xsi:nil="true"></UTCOffset>
          <UTCConversionTimeZoneCode xsi:nil="true"></UTCConversionTimeZoneCode>
        </Address>
      </Addresses>
    </Publisher>
    <RootComponents>
      <RootComponent type="1" schemaName="ds_correctiveaction" behavior="0" />
      <RootComponent type="1" schemaName="ds_evidence" behavior="0" />
      <RootComponent type="1" schemaName="ds_nonconformity" behavior="0" />
      <RootComponent type="1" schemaName="ds_nonconformityflow" behavior="0" />
      <RootComponent type="1" schemaName="ds_nonconformitymanagementsetting" behavior="0" />
      <RootComponent type="20" id="{d0a1f721-2c44-ef11-8409-000d3a183e7a}" behavior="0" />
      <RootComponent type="29" id="{3942a08a-ba43-ef11-8409-000d3a183e7a}" behavior="0" />
      <RootComponent type="29" id="{5b2de99f-7141-ef11-8409-000d3a183e7a}" behavior="0" />
      <RootComponent type="29" id="{734b6815-5b41-ef11-8409-6045bdef5c65}" behavior="0" />
      <RootComponent type="29" id="{81a46b3c-93da-45ff-aa0a-cc968ca3788b}" behavior="0" />
      <RootComponent type="61" schemaName="ds_nonconformityForm.js" behavior="0" />
      <RootComponent type="61" schemaName="ds_ribbonnonconformitychangebehavior.js" behavior="0" />
      <RootComponent type="62" schemaName="ds_NonConformityManagement" behavior="0" />
      <RootComponent type="80" schemaName="ds_NonConformityManagement" behavior="0" />
      <RootComponent type="91" id="{1f2cb6d7-8e99-4225-bb7e-04baea81064f}" schemaName="DevSolutions.Plugins, Version=1.0.0.0, Culture=neutral, PublicKeyToken=068aa48860bb6e21" behavior="0" />
      <RootComponent type="92" id="{2a88f84e-ac43-ef11-8409-0022481dcc52}" behavior="0" />
      <RootComponent type="300" schemaName="ds_correctiveactionsapp_d8708" behavior="0" />
    </RootComponents>
    <MissingDependencies>
      <MissingDependency>
        <Required type="61" schemaName="msdyn_/Images/AppModule_Default_Icon.png" displayName="msdyn_/Images/AppModule_Default_Icon.png" solution="AppModuleWebResources (2.5)" />
        <Dependent type="80" schemaName="ds_NonConformityManagement" displayName="Non-Conformity Management" />
      </MissingDependency>
      <MissingDependency>
        <Required type="connectionreference" displayName="c4crm_sharedoffice365_1d781" solution="Active" id.connectionreferencelogicalname="c4crm_sharedoffice365_1d781" />
        <Dependent type="29" displayName="Notify Manager of Non-Conformity Creation/Update" id="{734b6815-5b41-ef11-8409-6045bdef5c65}" />
      </MissingDependency>
      <MissingDependency>
        <Required type="SettingDefinition" displayName="AppChannel" solution="msdyn_AppFrameworkInfraExtensions (1.0.0.11)" id.uniquename="AppChannel" />
        <Dependent type="AppSetting" displayName="parentappmoduleid.uniquename=ds_NonConformityManagement,settingdefinitionid.uniquename=AppChannel" id.parentappmoduleid.uniquename="ds_NonConformityManagement" id.settingdefinitionid.uniquename="AppChannel" />
      </MissingDependency>
    </MissingDependencies>
  </SolutionManifest>
</ImportExportXml>