{
  "properties": {
    "connectionReferences": {
      "shared_office365": {
        "runtimeSource": "embedded",
        "connection": {
          "connectionReferenceLogicalName": "c4crm_sharedoffice365_1d781"
        },
        "api": {
          "name": "shared_office365"
        }
      },
      "shared_commondataserviceforapps": {
        "runtimeSource": "embedded",
        "connection": {
          "connectionReferenceLogicalName": "ds_sharedcommondataserviceforapps_6ad5b"
        },
        "api": {
          "name": "shared_commondataserviceforapps"
        }
      }
    },
    "definition": {
      "$schema": "https://schema.management.azure.com/providers/Microsoft.Logic/schemas/2016-06-01/workflowdefinition.json#",
      "contentVersion": "1.0.0.0",
      "parameters": {
        "$connections": {
          "defaultValue": {},
          "type": "Object"
        },
        "$authentication": {
          "defaultValue": {},
          "type": "SecureObject"
        }
      },
      "triggers": {
        "When_a_row_is_added,_modified_or_deleted": {
          "metadata": {
            "operationMetadataId": "db6bb01a-861d-4e37-b36c-0a8b6aafbea4"
          },
          "type": "OpenApiConnectionWebhook",
          "inputs": {
            "host": {
              "connectionName": "shared_commondataserviceforapps",
              "operationId": "SubscribeWebhookTrigger",
              "apiId": "/providers/Microsoft.PowerApps/apis/shared_commondataserviceforapps"
            },
            "parameters": {
              "subscriptionRequest/message": 4,
              "subscriptionRequest/entityname": "ds_nonconformity",
              "subscriptionRequest/scope": 4
            },
            "authentication": "@parameters('$authentication')"
          }
        }
      },
      "actions": {
        "Initialize_Manager's_email": {
          "runAfter": {},
          "metadata": {
            "operationMetadataId": "09a59d12-4d87-40f5-80d4-1faa59789bc2"
          },
          "type": "InitializeVariable",
          "inputs": {
            "variables": [
              {
                "name": "Manager's email",
                "type": "string"
              }
            ]
          }
        },
        "Check_if_email_is_not_null": {
          "actions": {
            "Set_Manager's_email": {
              "runAfter": {},
              "metadata": {
                "operationMetadataId": "3cd8fc64-ff3d-42bf-ac6a-e1f1d0129002"
              },
              "type": "SetVariable",
              "inputs": {
                "name": "Manager's email",
                "value": "@outputs('Get_Manager''s_email')?['body/internalemailaddress']"
              }
            },
            "Check_if_a_record_was_updated_or_created": {
              "actions": {
                "Send_an_email_about_Updated_record": {
                  "runAfter": {},
                  "metadata": {
                    "operationMetadataId": "0877a424-f45c-4d2c-b205-8fa998d9e664"
                  },
                  "type": "OpenApiConnection",
                  "inputs": {
                    "host": {
                      "connectionName": "shared_office365",
                      "operationId": "SendEmailV2",
                      "apiId": "/providers/Microsoft.PowerApps/apis/shared_office365"
                    },
                    "parameters": {
                      "emailMessage/To": "@variables('Manager''s email')",
                      "emailMessage/Subject": "Non-Conformity",
                      "emailMessage/Body": "<p>Dear&nbsp;@{variables('Manager''s fullname')},<br>\n<br>\nA Non-Conformity record was updated, please take a look:<br>\n<br>\n<a href=\"@{variables('RecordURL')}\">Non-Conformity</a> <br>\n<br>\n</p>",
                      "emailMessage/Importance": "Normal"
                    },
                    "authentication": "@parameters('$authentication')"
                  }
                }
              },
              "runAfter": {
                "Set_Manager's_fullname": [
                  "Succeeded"
                ]
              },
              "else": {
                "actions": {
                  "Send_an_email_about_Created_record": {
                    "runAfter": {},
                    "metadata": {
                      "operationMetadataId": "fb9aa827-370c-47ab-80e4-c4bebcfab6ba"
                    },
                    "type": "OpenApiConnection",
                    "inputs": {
                      "host": {
                        "connectionName": "shared_office365",
                        "operationId": "SendEmailV2",
                        "apiId": "/providers/Microsoft.PowerApps/apis/shared_office365"
                      },
                      "parameters": {
                        "emailMessage/To": "@variables('Manager''s email')",
                        "emailMessage/Subject": "Non-Conformity",
                        "emailMessage/Body": "<p>Dear&nbsp;@{variables('Manager''s fullname')},<br>\n<br>\nA Non-Conformity record was created, please take a look:<br>\n<br>\n<a href=\"@{variables('RecordURL')}\">Non-Conformity</a>&nbsp;</p>",
                        "emailMessage/Importance": "Normal"
                      },
                      "authentication": "@parameters('$authentication')"
                    }
                  }
                }
              },
              "expression": {
                "not": {
                  "equals": [
                    "@triggerOutputs()?['body/createdon']",
                    "@triggerOutputs()?['body/modifiedon']"
                  ]
                }
              },
              "metadata": {
                "operationMetadataId": "b1e69ae5-ac7a-4074-b528-5d21aa5214e8"
              },
              "type": "If"
            },
            "Set_Manager's_fullname": {
              "runAfter": {
                "Set_Manager's_email": [
                  "Succeeded"
                ]
              },
              "metadata": {
                "operationMetadataId": "006bc187-943f-4a5f-bf01-e434269aac65"
              },
              "type": "SetVariable",
              "inputs": {
                "name": "Manager's fullname",
                "value": "@outputs('Get_Manager''s_email')?['body/fullname']"
              }
            }
          },
          "runAfter": {
            "Initialize_variable_RecordURL": [
              "Succeeded"
            ]
          },
          "expression": {
            "not": {
              "equals": [
                "@outputs('Get_Manager''s_email')?['body/internalemailaddress']",
                "@null"
              ]
            }
          },
          "metadata": {
            "operationMetadataId": "274f2397-6ac4-4a3d-aebd-68cee7b91da8"
          },
          "type": "If"
        },
        "Initialize_Manager's_fullname": {
          "runAfter": {
            "Initialize_Manager's_email": [
              "Succeeded"
            ]
          },
          "metadata": {
            "operationMetadataId": "b3d12307-4f48-4861-b2b9-4c793ed26faa"
          },
          "type": "InitializeVariable",
          "inputs": {
            "variables": [
              {
                "name": "Manager's fullname",
                "type": "string"
              }
            ]
          }
        },
        "Get_Current_AppId_for_the_Environment": {
          "runAfter": {
            "Initialize_Manager's_fullname": [
              "Succeeded"
            ]
          },
          "metadata": {
            "operationMetadataId": "196186b5-dba6-4cc2-a68f-a66720a48fe3"
          },
          "type": "OpenApiConnection",
          "inputs": {
            "host": {
              "connectionName": "shared_commondataserviceforapps",
              "operationId": "ListRecords",
              "apiId": "/providers/Microsoft.PowerApps/apis/shared_commondataserviceforapps"
            },
            "parameters": {
              "entityName": "appmodules",
              "$select": "appmoduleid",
              "$filter": "uniquename eq 'ds_NonConformityManagement'",
              "$top": 1
            },
            "authentication": "@parameters('$authentication')"
          }
        },
        "AppId": {
          "runAfter": {
            "Get_Manager's_email": [
              "Succeeded"
            ]
          },
          "metadata": {
            "operationMetadataId": "a5ae3b34-73e8-436e-a5ef-853e9fe89f29"
          },
          "type": "Compose",
          "inputs": "@first(body('Get_Current_AppId_for_the_Environment')?['value'])?['appmoduleid']"
        },
        "Environment_URL": {
          "runAfter": {
            "AppId": [
              "Succeeded"
            ]
          },
          "metadata": {
            "operationMetadataId": "1a8d010e-77fc-4958-94d3-d2afbe6b1099"
          },
          "type": "Compose",
          "inputs": "@outputs('Get_Manager''s_email')?['body/@odata.id']"
        },
        "Get_Manager's_email": {
          "runAfter": {
            "Get_Current_AppId_for_the_Environment": [
              "Succeeded"
            ]
          },
          "metadata": {
            "operationMetadataId": "ed153e91-ff3b-44d6-b2b9-fd094198b575"
          },
          "type": "OpenApiConnection",
          "inputs": {
            "host": {
              "connectionName": "shared_commondataserviceforapps",
              "operationId": "GetItem",
              "apiId": "/providers/Microsoft.PowerApps/apis/shared_commondataserviceforapps"
            },
            "parameters": {
              "entityName": "systemusers",
              "recordId": "@triggerOutputs()?['body/_ds_assignedmanagerid_value']",
              "$select": "internalemailaddress, fullname"
            },
            "authentication": "@parameters('$authentication')"
          }
        },
        "Initialize_variable_RecordURL": {
          "runAfter": {
            "Environment_URL": [
              "Succeeded"
            ]
          },
          "metadata": {
            "operationMetadataId": "59ade9e8-3b81-4d7f-9250-d21d0d69212d"
          },
          "type": "InitializeVariable",
          "inputs": {
            "variables": [
              {
                "name": "RecordURL",
                "type": "string",
                "value": "https://@{uriHost(outputs('Environment_URL'))}/main.aspx?appid=@{outputs('AppId')}&pagetype=entityrecord&etn=ds_nonconformity&id=@{triggerOutputs()?['body/ds_nonconformityid']}"
              }
            ]
          }
        }
      }
    },
    "templateName": ""
  },
  "schemaVersion": "1.0.0.0"
}